occid,catalogNumber,family,sciname,eventDate,fieldnumber,island,locality,decimalLatitude,decimalLongitude,geodeticDatum,coordinateUncertaintyInMeters,locationRemarks,georeferencedBy,georeferenceRemarks
19746,108637,Amastridae,Amastra micans,1/1/1932,,Oahu,Mt. Kaala; inland 1500 feet,21.5,-158.1333,WGS84,301,,sunray1,1500 feet from the southwestern edge of Kaala Peak Valley
33509,123124,Amastridae,Amastra micans frostii,12/31/1926,,Oahu,"Waianae Mountains; Haleauau; Loc. W320C-2 - ""South slope, on fire break trail""",21.49828457,-158.1330401,WGS84,200,,sunray1,"Coordinates based on georeferenced site from map, batch updated"
36154,125703,Amastridae,Amastra micans,1/14/1934,,Oahu,Waianae Mountains; Ekahanui; Valley I>II; Loc. 5 = W410 F-3a,21.438209,-158.093176,WGS84,50,,sunray1,Coordinates based on map
36302,125851,Amastridae,Amastra micans,1/21/1934,,Oahu,Waianae Mountains; Ekahanui; Valley I; Loc. 2 = W410 F-7,21.438264,-158.092424,WGS84,50,,sunray1,Coordinates based on map
44253,133715,Amastridae,Amastra micans,12/1/1931,,Oahu,"Waianae Mountains; Ekahanui Kanehoa; South fork, high up; Loc. = W410F-3a,5,6,7a",21.438388,-158.09204,WGS84,120,,sunray1,Coordinates based on map
36244,125793,Amastridae,Amastra micans,1/14/1934,,Oahu,Waianae Mountains; Ekahanui; Valley II; Loc. 7 = W410 E-4,21.438711,-158.094209,WGS84,50,,sunray1,Coordinates based on map
36245,125794,Amastridae,Amastra micans,1/14/1934,,Oahu,Waianae Mountains; Ekahanui; Valley II; Loc. 7 = W410 E-4,21.438711,-158.094209,WGS84,50,,sunray1,Coordinates based on map
36246,125795,Amastridae,Amastra micans,1/14/1934,,Oahu,Waianae Mountains; Ekahanui; Valley II; Loc. 7 = W410 E-4,21.438711,-158.094209,WGS84,50,,sunray1,Coordinates based on map
73485,211668,Amastridae,Amastra micans,9/16/1941,,Oahu,Waianae Mountains; Ekahanui Gulch; Loc. #4,21.439107,-158.095312,WGS84,75,,sunray1 (2023-06-06 19:53:11),Coordinates based on map
73525,211708,Amastridae,Amastra micans,9/16/1941,,Oahu,Waianae Mountains; Ekahanui Gulch; Loc. #4,21.439107,-158.095312,WGS84,75,,sunray1 (2023-06-06 19:53:11),Coordinates based on map
73364,211547,Amastridae,Amastra micans,9/16/1941,,Oahu,Waianae Mountains; Ekahanui Gulch; Loc. #3,21.439784,-158.09286,WGS84,75,,sunray1 (2023-06-06 19:51:25),Coordinates based on map
73451,211634,Amastridae,Amastra micans,9/16/1941,,Oahu,Waianae Mountains; Ekahanui Gulch; Loc. #3,21.439784,-158.09286,WGS84,75,,sunray1 (2023-06-06 19:51:25),Coordinates based on map
36048,125597,Amastridae,Amastra micans,1/7/1934,,Oahu,Waianae Mountains; Ekahanui; Valley II; Loc. 8 = W410 D-9,21.439913,-158.097045,WGS84,50,,sunray1,Coordinates based on map
36049,125598,Amastridae,Amastra micans,1/7/1934,,Oahu,Waianae Mountains; Ekahanui; Valley II; Loc. 8 = W410 D-9,21.439913,-158.097045,WGS84,50,,sunray1,Coordinates based on map
36050,125599,Amastridae,Amastra micans,1/7/1934,,Oahu,Waianae Mountains; Ekahanui; Valley II; Loc. 8 = W410 D-9,21.439913,-158.097045,WGS84,50,,sunray1,Coordinates based on map
73280,211463,Amastridae,Amastra micans,9/16/1941,,Oahu,Waianae Mountains; Ekahanui Gulch; Loc. 2,21.440196,-158.090178,WGS84,100,,sunray1 (2023-06-06 19:46:50),Coordinates based on map
36025,125574,Amastridae,Amastra micans,1/7/1934,,Oahu,Waianae Mountains; Ekahanui; Valley II; Loc. 7 = W410 D-8,21.44056,-158.097667,WGS84,50,,sunray1,Coordinates based on map
36026,125575,Amastridae,Amastra micans,1/7/1934,,Oahu,Waianae Mountains; Ekahanui; Valley II; Loc. 7 = W410 D-8,21.44056,-158.097667,WGS84,50,,sunray1,Coordinates based on map
36027,125576,Amastridae,Amastra micans,1/7/1934,,Oahu,Waianae Mountains; Ekahanui; Valley II; Loc. 7 = W410 D-8,21.44056,-158.097667,WGS84,50,,sunray1,Coordinates based on map
35981,125530,Amastridae,Amastra micans,1/7/1934,,Oahu,Waianae Mountains; Ekahanui; Valley II; Loc. 6 = W410 D-7,21.440775,-158.097159,WGS84,50,,sunray1,Coordinates based on map
35982,125531,Amastridae,Amastra micans,1/7/1934,,Oahu,Waianae Mountains; Ekahanui; Valley II; Loc. 6 = W410 D-7,21.440775,-158.097159,WGS84,50,,sunray1,Coordinates based on map
35983,125532,Amastridae,Amastra micans,1/7/1934,,Oahu,Waianae Mountains; Ekahanui; Valley II; Loc. 6 = W410 D-7,21.440775,-158.097159,WGS84,50,,sunray1,Coordinates based on map
35915,125464,Amastridae,Amastra micans,1/7/1934,,Oahu,Waianae Mountains; Ekahanui; Valley II; Loc. 5 = W410 D-6,21.440833,-158.096166,WGS84,50,,sunray1,Coordinates based on map
35650,125222,Amastridae,Amastra micans,2/25/1934,,Oahu,Waianae Mountains; Ekahanui; Valley III; Loc. 1 = W410 C-8,21.441823,-158.093318,WGS84,50,,sunray1,Coordinates based on map
35651,125223,Amastridae,Amastra micans,2/25/1934,,Oahu,Waianae Mountains; Ekahanui; Valley III; Loc. 1 = W410 C-8,21.441823,-158.093318,WGS84,50,,sunray1,Coordinates based on map
35698,125270,Amastridae,Amastra micans,2/25/1934,,Oahu,Waianae Mountains; Ekahanui; Valley III; Loc. 3 = W410 C-6,21.441968,-158.09615,WGS84,50,,sunray1,Coordinates based on map
35699,125271,Amastridae,Amastra micans,2/25/1934,,Oahu,Waianae Mountains; Ekahanui; Valley III; Loc. 3 = W410 C-6,21.441968,-158.09615,WGS84,50,,sunray1,Coordinates based on map
35753,125325,Amastridae,Amastra micans,2/25/1934,,Oahu,Waianae Mountains; Ekahanui; Valley III; Loc. 4 = W410 C-5,21.442205,-158.096943,WGS84,50,,sunray1,Coordinates based on map
35823,125395,Amastridae,Amastra micans,2/25/1934,,Oahu,Waianae Mountains; Ekahanui; Valley III; Loc. 6 = W410 C-3,21.443233,-158.097369,WGS84,50,,sunray1,Coordinates based on map
35577,125149,Amastridae,Amastra micans,3/4/1934,,Oahu,Waianae Mountains; Ekahanui; Valley IV; Loc. 3 = W410B-5,21.444449,-158.096323,WGS84,83,,sunray1,Coordinates based on map
35601,125173,Amastridae,Amastra micans,3/4/1934,,Oahu,Waianae Mountains; Ekahanui; Valley IV; Loc. 4 = W410B-4,21.444752,-158.096756,WGS84,50,,sunray1,Coordinates based on map
58545,177628,Amastridae,Amastra micans,6/24/1936,,Oahu,"Waianae Mountains; North Ekahanui; Tree Planters' Trail, south fork; Loc. 13 = W410 A-6",21.446176,-158.096162,WGS84,75,,sunray1,Coordinates based on map
35614,125186,Amastridae,Amastra micans,3/4/1934,,Oahu,Waianae Mountains; Ekahanui; Valley IV; Loc. 5 = W410A-3,21.446345,-158.095846,WGS84,50,,sunray1,Coordinates based on map
35494,125066,Amastridae,Amastra micans,12/17/1933,,Oahu,Waianae Mountains; Huliwai>Ekahanui; Loc. 2 = W400B-4,21.451445,-158.094496,WGS84,50,,sunray1,Coordinates based on map
35495,125067,Amastridae,Amastra micans,12/17/1933,,Oahu,Waianae Mountains; Huliwai>Ekahanui; Loc. 2 = W400B-4,21.451445,-158.094496,WGS84,50,,sunray1,Coordinates based on map
35496,125068,Amastridae,Amastra micans,12/17/1933,,Oahu,Waianae Mountains; Huliwai>Ekahanui; Loc. 2 = W400B-4,21.451445,-158.094496,WGS84,50,,sunray1,Coordinates based on map
36994,126520,Amastridae,Amastra micans,2/18/1934,,Oahu,Waianae Mountains; Huliwai; Loc. 2 = W400 B-2,21.451557,-158.088841,WGS84,50,,sunray1,Coordinates based on map
36995,126521,Amastridae,Amastra micans,2/18/1934,,Oahu,Waianae Mountains; Huliwai; Loc. 2 = W400 B-2,21.451557,-158.088841,WGS84,50,,sunray1,Coordinates based on map
36728,126277,Amastridae,Amastra micans,2/4/1934,,Oahu,Waianae Mountains; Huliwai; Loc. 7 = W400 A-10,21.452138,-158.094508,WGS84,75,,sunray1,Coordinates based on map
36729,126278,Amastridae,Amastra micans,2/4/1934,,Oahu,Waianae Mountains; Huliwai; Loc. 7 = W400 A-10,21.452138,-158.094508,WGS84,75,,sunray1,Coordinates based on map
36679,126228,Amastridae,Amastra micans,2/4/1934,,Oahu,Waianae Mountains; Huliwai; Loc. 6 = W400 A-9,21.452248,-158.093676,WGS84,50,,sunray1,Coordinates based on map
36680,126229,Amastridae,Amastra micans,2/4/1934,,Oahu,Waianae Mountains; Huliwai; Loc. 6 = W400 A-9,21.452248,-158.093676,WGS84,50,,sunray1,Coordinates based on map
36681,126230,Amastridae,Amastra micans,2/4/1934,,Oahu,Waianae Mountains; Huliwai; Loc. 6 = W400 A-9,21.452248,-158.093676,WGS84,50,,sunray1,Coordinates based on map
36793,126342,Amastridae,Amastra micans,2/11/1934,,Oahu,Waianae Mountains; Huliwai; Loc. 1 = W400 A-9,21.452248,-158.093676,WGS84,50,,sunray1,Coordinates based on map
36794,126343,Amastridae,Amastra micans,2/11/1934,,Oahu,Waianae Mountains; Huliwai; Loc. 1 = W400 A-9,21.452248,-158.093676,WGS84,50,,sunray1,Coordinates based on map
36795,126344,Amastridae,Amastra micans,2/11/1934,,Oahu,Waianae Mountains; Huliwai; Loc. 1 = W400 A-9,21.452248,-158.093676,WGS84,50,,sunray1,Coordinates based on map
36796,126345,Amastridae,Amastra micans,2/11/1934,,Oahu,Waianae Mountains; Huliwai; Loc. 1 = W400 A-9,21.452248,-158.093676,WGS84,50,,sunray1,Coordinates based on map
36583,126132,Amastridae,Amastra micans,2/4/1934,,Oahu,Waianae Mountains; Huliwai; Loc. 3 = W400 A-3,21.452376,-158.092172,WGS84,50,,sunray1,Coordinates based on map
36584,126133,Amastridae,Amastra micans,2/4/1934,,Oahu,Waianae Mountains; Huliwai; Loc. 3 = W400 A-3,21.452376,-158.092172,WGS84,50,,sunray1,Coordinates based on map
36585,126134,Amastridae,Amastra micans,2/4/1934,,Oahu,Waianae Mountains; Huliwai; Loc. 3 = W400 A-3,21.452376,-158.092172,WGS84,50,,sunray1,Coordinates based on map
36840,126389,Amastridae,Amastra micans,2/11/1934,,Oahu,Waianae Mountains; Huliwai; Loc. 2 = W400 A-8,21.452444,-158.09363,WGS84,50,,sunray1,Coordinates based on map
36899,126425,Amastridae,Amastra micans,2/11/1934,,Oahu,Waianae Mountains; Huliwai; Loc. 5 = W400 A-12,21.452944,-158.094767,WGS84,50,,sunray1,Coordinates based on map
36900,126426,Amastridae,Amastra micans,2/11/1934,,Oahu,Waianae Mountains; Huliwai; Loc. 5 = W400 A-12,21.452944,-158.094767,WGS84,50,,sunray1,Coordinates based on map
36901,126427,Amastridae,Amastra micans,2/11/1934,,Oahu,Waianae Mountains; Huliwai; Loc. 5 = W400 A-12,21.452944,-158.094767,WGS84,50,,sunray1,Coordinates based on map
36851,126400,Amastridae,Amastra micans,2/11/1934,,Oahu,Waianae Mountains; Huliwai; Loc. 3 = W400 A-7,21.45296,-158.093756,WGS84,50,,sunray1,Coordinates based on map
36935,126461,Amastridae,Amastra micans,2/11/1934,,Oahu,Waianae Mountains; Huliwai; Loc. 6 = W400 A-13,21.453457,-158.09453,WGS84,50,,sunray1,Coordinates based on map
36936,126462,Amastridae,Amastra micans,2/11/1934,,Oahu,Waianae Mountains; Huliwai; Loc. 6 = W400 A-13,21.453457,-158.09453,WGS84,50,,sunray1,Coordinates based on map
37096,126622,Amastridae,Amastra micans,3/11/1934,,Oahu,Waianae Mountains; Huliwai; Loc. 3 = W400-13,21.453457,-158.09453,WGS84,50,,sunray1,Coordinates based on map
37097,126623,Amastridae,Amastra micans,3/11/1934,,Oahu,Waianae Mountains; Huliwai; Loc. 3 = W400-13,21.453457,-158.09453,WGS84,50,,sunray1,Coordinates based on map
37098,126624,Amastridae,Amastra micans,3/11/1934,,Oahu,Waianae Mountains; Huliwai; Loc. 3 = W400-13,21.453457,-158.09453,WGS84,50,,sunray1,Coordinates based on map
37099,126625,Amastridae,Amastra micans,3/11/1934,,Oahu,Waianae Mountains; Huliwai; Loc. 3 = W400-13,21.453457,-158.09453,WGS84,50,,sunray1,Coordinates based on map
37034,126560,Amastridae,Amastra micans,2/18/1934,,Oahu,Waianae Mountains; Huliwai; Loc. 7 = W400-14,21.454461,-158.092344,WGS84,100,,sunray1,Coordinates based on map
37129,126655,Amastridae,Amastra micans,3/11/1934,,Oahu,Waianae Mountains; Huliwai>Waieli; Loc. 4 = W400-11,21.454461,-158.092344,WGS84,100,,sunray1,Coordinates based on map
37054,126580,Amastridae,Amastra micans,2/18/1934,,Oahu,Waianae Mountains; Huliwai; Loc. 8 = W400-9,21.45494,-158.095412,WGS84,50,,sunray1,Coordinates based on map
37039,126565,Amastridae,Amastra micans,2/18/1934,,Oahu,Waianae Mountains; Huliwai; Loc. 7-1/2 = W400-15,21.455233,-158.092749,WGS84,50,,sunray1,Coordinates based on map
37040,126566,Amastridae,Amastra micans,2/18/1934,,Oahu,Waianae Mountains; Huliwai; Loc. 7-1/2 = W400-15,21.455233,-158.092749,WGS84,50,,sunray1,Coordinates based on map
33641,123256,Amastridae,Amastra micans,1/17/1915,,Oahu,"Waianae Mountains; Huliwai Gulch; Loc. = W400-5; ""Valley on left of Popouwela Ridge""; {Correct loc. = W400-11-12a -?}",21.455298,-158.091976,WGS84,165,,sunray1,Coordinates based on map
37162,126688,Amastridae,Amastra micans,3/11/1934,,Oahu,Waianae Mountains; Waieli; Loc. 6 = W370 D-3 = W371 D-3,21.4576,-158.096782,WGS84,100,,sunray1,Coordinates based on map
37163,126689,Amastridae,Amastra micans,3/11/1934,,Oahu,Waianae Mountains; Waieli; Loc. 6 = W370 D-3 = W371 D-3,21.4576,-158.096782,WGS84,100,,sunray1,Coordinates based on map
37164,126690,Amastridae,Amastra micans,3/11/1934,,Oahu,Waianae Mountains; Waieli; Loc. 6 = W370 D-3 = W371 D-3,21.4576,-158.096782,WGS84,100,,sunray1,Coordinates based on map
29685,119118,Amastridae,Amastra micans frostii,7/30/1933,,Oahu,Waianae Mountains; Popouwela; W370 D-4. 3>4,21.458433,-158.097333,WGS84,50,,sunray1,Coordinates based on map
42371,131810,Amastridae,Amastra micans,8/16/1932,,Oahu,Waianae Mts.; Popouwela; Loc. W370-6 = W370 A-6,21.465044,-158.100837,WGS84,50,,sunray1,Coordinates based on map
42428,131867,Amastridae,Amastra micans,8/16/1932,,Oahu,Waianae Mts.; Popouwela N; Loc. W370-7 = W370 A-7,21.465432,-158.101328,WGS84,50,,sunray1,Coordinates based on map
42429,131868,Amastridae,Amastra micans,8/16/1932,,Oahu,Waianae Mts.; Popouwela N; Loc. W370-7 = W370 A-7,21.465432,-158.101328,WGS84,50,,sunray1,Coordinates based on map
42430,131869,Amastridae,Amastra micans,8/16/1932,,Oahu,Waianae Mts.; Popouwela N; Loc. W370-7 = W370 A-7,21.465432,-158.101328,WGS84,50,,sunray1,Coordinates based on map
42431,131870,Amastridae,Amastra micans,8/16/1932,,Oahu,Waianae Mts.; Popouwela N; Loc. W370-7 = W370 A-7,21.465432,-158.101328,WGS84,50,,sunray1,Coordinates based on map
42463,131902,Amastridae,Amastra micans,8/16/1932,,Oahu,Waianae Mts.; Popouwela N; Loc. W370-7&8 mixed = W370 A-7&8,21.465552,-158.101628,WGS84,95,,sunray1,Coordinates based on map
42469,131908,Amastridae,Amastra micans,8/16/1932,,Oahu,Waianae Mts.; Popouwela N; Loc. W370-7&8 mixed = W370 A-7&8,21.465552,-158.101628,WGS84,95,,sunray1,Coordinates based on map
42470,131909,Amastridae,Amastra micans,8/16/1932,,Oahu,Waianae Mts.; Popouwela N; Loc. W370-7&8 mixed = W370 A-7&8,21.465552,-158.101628,WGS84,95,,sunray1,Coordinates based on map
42501,131940,Amastridae,Amastra micans,8/16/1932,,Oahu,Waianae Mts.; Popouwela; Loc. W370-8 = W370 A-8,21.465649,-158.102023,WGS84,50,,sunray1,Coordinates based on map
42502,131941,Amastridae,Amastra micans,8/16/1932,,Oahu,Waianae Mts.; Popouwela; Loc. W370-8 = W370 A-8,21.465649,-158.102023,WGS84,50,,sunray1,Coordinates based on map
27779,117137,Amastridae,Amastra micans,1/22/1933,,Oahu,Waianae Mountains; Pukaloa; (South Mohiakea Gulch) at junction of Valley 7 & main valley; Loc. W340-5,21.483262,-158.1258,WGS84,50,,sunray1,Coordinates based on map
33583,123198,Amastridae,Amastra micans,1/19/1919,,Oahu,Waianae Mountains; Pukaloa; Loc. W340-(3a-6a),21.483809,-158.125493,WGS84,365,,sunray1,Coordinates based on map
33584,123199,Amastridae,Amastra micans,1/19/1919,,Oahu,Waianae Mountains; Pukaloa; Loc. W340-(3a-6a),21.483809,-158.125493,WGS84,365,,sunray1,Coordinates based on map
43473,132958,Amastridae,Amastra frostii,6/30/1933,,Oahu,Waianae Mountains; Waianae Valley; Hiu Gulch; Loc. = W26-4,21.495406,-158.149263,WGS84,100,,sunray1,Coordinates based on map
43474,132959,Amastridae,Amastra frostii,6/30/1933,,Oahu,Waianae Mountains; Waianae Valley; Hiu Gulch; Loc. = W26-4,21.495406,-158.149263,WGS84,100,,sunray1,Coordinates based on map
43475,132960,Amastridae,Amastra frostii,6/30/1933,,Oahu,Waianae Mountains; Waianae Valley; Hiu Gulch; Loc. = W26-4,21.495406,-158.149263,WGS84,100,,sunray1,Coordinates based on map
48664,165204,Amastridae,Amastra micans,4/26/1936,,Oahu,Waianae Mountains; South Haleauau; Loc. 3 = W320H-3,21.495818,-158.133333,WGS84,50,,sunray1,Coordinates based on map
48639,165179,Amastridae,Amastra micans,3/15/1936,,Oahu,Waianae Mountains; South Haleauau; Loc. 3 = W320H-2,21.496443,-158.132331,WGS84,50,,sunray1,Coordinates based on map
48654,165194,Amastridae,Amastra micans,4/26/1936,,Oahu,Waianae Mountains; South Haleauau; Loc. 1 = W320H-1,21.496737,-158.132886,WGS84,50,,sunray1,Coordinates based on map
33478,123093,Amastridae,Amastra micans,6/13/1920,,Oahu,Waianae Mountains; Haleauau; Loc. W320-4,21.500556,-158.131942,WGS84,50,,sunray1,Coordinates based on map
33486,123101,Amastridae,Amastra micans,1/28/1927,,Oahu,"Waianae Mountains; Haleauau; Loc. W320C-2 - ""South fork, Haleauaua Valley""",21.49758,-158.134065,WGS84,180,,sunray1,Coordinates based on map - unsure if this is supposed to be W320G-2 or W320C-2 so the uncertainty covers both
33503,123118,Amastridae,Amastra micans,12/31/1926,,Oahu,"Waianae Mountains; Haleauau; Loc. W320C-2 - ""South fork, Haleauaua Valley""",21.49758,-158.134065,WGS84,180,,sunray1,Coordinates based on map - unsure if this is supposed to be W320G-2 or W320C-2 so the uncertainty covers both
44237,133699,Amastridae,Amastra micans,12/1/1931,,Oahu,"Waianae Mountains; Ekahanui, South branch high up (central fork); Loc. = W410D-2a",21.440704,-158.094086,WGS84,113,,sunray1,"Coordinates based on map. Couldn't find locality 2a, georeferenced near 2"
33703,123319,Amastridae,Amastra micans,4/7/1915,,Oahu,Waianae Mountains; East Kahanui Gulch; Valley IIF; Loc. W410-6,21.440727,-158.097137,WGS84,100,,sunray1,Coordinates based on map. Georeferenced loc W410D-6a
1383895,289408,Amastridae,Amastra micans,3/29/2012,HLS120329-02,Oahu,"Puu Hapapa, midway between exclosure and HLS120329-01",21.46691667,-158.1026,WGS84,7,"Sieved 2 quadrats, Sunny, clear",,Coordinates recorded at time of collection
1400880,295189,Amastridae,Amastra micans,,AmaMic_OA-ELI-A,Oahu,Waieli Gulch North Branch/ Puu Hapapa,21.4670661,-158.1014023,WGS84,20,,,Coordinates recorded at time of collection
33562,123177,Amastridae,Amastra micans,1/23/1927,,Oahu,"Waianae Mountains; Haleauau = ""Left of main branch""",21.517722,-158.112878,WGS84,3242,,sunray1,"Georeferenced all of Haleauau - unsure what ""left of main branch refers to"""
157377,56795,Amastridae,Amastra frosti,,,Oahu,Waianae,21.491559,-158.052353,WGS84,15902,,sunray1,Georeferenced Waianae Ahupuaa
137665,18310,Amastridae,Amastra frosti unicolor,,,Oahu,Waianae,21.491559,-158.052353,WGS84,15902,,sunray1,Georeferenced Waianae Ahupuaa
156723,55452,Amastridae,Amastra frostii,,,Oahu,Waianae,21.491559,-158.052353,WGS84,15902,,sunray1,Georeferenced Waianae Ahupuaa
17468,105444,Amastridae,Amastra micans,3/27/1930,,Oahu,Waianae,21.491559,-158.052353,WGS84,15902,,sunray1,Georeferenced Waianae Ahupuaa
156758,55595,Amastridae,Amastra micans,,,Oahu,Waianae,21.491559,-158.052353,WGS84,15902,,sunray1,Georeferenced Waianae Ahupuaa
11022,96517,Amastridae,Amastra micans,6/6/1929,,Oahu,"Waianae Mountains; 1/2 way up spur, where ending at base of high cliffs",21.48698,-158.147594,WGS84,16279,,sunray1,Georeferenced whole Waianae range - couldn't determine location
1293443,108090,Amastridae,Amastra micans,,,Oahu,"Second location near west ridge of Popouela, Oahu",21.467422,-158.097543,WGS84,2142,,kuuleialohamia,i believe this one name is spelt wrong and is suppose to be popouwela.
1293444,108091,Amastridae,Amastra micans,,,Oahu,"Second location near west ridge of Popouela, Oahu",21.467422,-158.097543,WGS84,2142,,kuuleialohamia,i believe this one name is spelt wrong and is suppose to be popouwela.
1293445,108092,Amastridae,Amastra micans,,,Oahu,"Second location near west ridge of Popouela, Oahu",21.467422,-158.097543,WGS84,2142,,kuuleialohamia,i believe this one name is spelt wrong and is suppose to be popouwela.
1293450,108098,Amastridae,Amastra micans,,,Oahu,"Popouela, 1st colony of west ridge, Oahu",21.467422,-158.097543,WGS84,2142,,kuuleialohamia,i believe this one name is spelt wrong and is suppose to be popouwela.
15482,102782,Amastridae,Amastra micans,1/31/1914,,Oahu,Waianae Mts.; Pukaloa Valley,21.484991,-158.126586,WGS84,872,,hmehiraki,Locality based on the Welch book of Waianae locations (Pukaloa Gulch XIII.5) and Google Terrain Base Layer as a reference
9869,93391,Amastridae,Amastra micans frostii,12/27/1926,,Oahu,Waianae Mts.; Pukaloa Valley,21.484991,-158.126586,WGS84,872,,hmehiraki,Locality based on the Welch book of Waianae locations (Pukaloa Gulch XIII.5) and Google Terrain Base Layer as a reference
6638,89442,Amastridae,Amastra micans,5/27/1928,,Oahu,Haleauau; East branch; along old fire break trail,21.520406,-158.085034,WGS84,681,,sunray1,"Point from Google Maps, Error around surrounding valley"
6639,89443,Amastridae,Amastra micans,5/27/1928,,Oahu,Haleauau; East branch; along old fire break trail,21.520406,-158.085034,WGS84,681,,sunray1,"Point from Google Maps, Error around surrounding valley"
6640,89444,Amastridae,Amastra micans,5/27/1928,,Oahu,Haleauau; East branch; along old fire break trail,21.520406,-158.085034,WGS84,681,,sunray1,"Point from Google Maps, Error around surrounding valley"
50261,167808,Amastridae,Amastra micans,1/1/1911,,Oahu,Waianae Mountains,21.48698,-158.147594,WGS84,16279,,jan_kealoha (2023-06-07 19:29:30),Update encompasses entire mountain range
52539,170077,Amastridae,Amastra micans,1/1/1935,,Oahu,Waianae Mountains,21.48698,-158.147594,WGS84,16279,,jan_kealoha (2023-06-07 19:29:30),Update encompasses entire mountain range
60955,184141,Amastridae,Amastra micans,,,Oahu,Waianae mountains {No other data},21.48698,-158.147594,WGS84,16279,,jan_kealoha (2023-06-07 19:29:30),Update encompasses entire mountain range
50925,168504,Amastridae,Amastra micans frostii,10/28/2014,,Oahu,Waianae Mountains,21.48698,-158.147594,WGS84,16279,,jan_kealoha (2023-06-07 19:29:30),Update encompasses entire mountain range
51810,169369,Amastridae,Amastra micans frostii,,,Oahu,Waianae Mountains,21.48698,-158.147594,WGS84,16279,,jan_kealoha (2023-06-07 19:29:30),Update encompasses entire mountain range
51870,169431,Amastridae,Amastra micans frostii,1892-01-01,,Oahu,Waianae Mountains,21.48698,-158.147594,WGS84,16279,,jan_kealoha (2023-06-07 19:29:30),Update encompasses entire mountain range
60954,184140,Amastridae,Amastra micans frostii,,,Oahu,Waianae mountains {No other data},21.48698,-158.147594,WGS84,16279,,jan_kealoha (2023-06-07 19:29:30),Update encompasses entire mountain range
1365019,578,Amastridae,Amastra micans,,HAWAII,,Hawaii,19.603528,-155.574158,WGS84,82268,,kuuleialohamia,
1373195,115027,Amastridae,Amastra micans,,FMNH115027,,Hawaii,19.603528,-155.574158,WGS84,82268,,kuuleialohamia,
1285611,240821,Amastridae,Amastra frosti,3/31/1932,,Oahu,ridge between Palikea and Green Peak,21.408609,-158.098348,WGS84,722,,kuuleialohamia,
1285619,240824,Amastridae,Amastra frosti,,,Oahu,Ridge between Pohakea and Green Peak,21.422752,-158.094057,WGS84,1538,,kuuleialohamia,
1285565,240816,Amastridae,Amastra frosti,,,Oahu,"Hawaiian Islands, Oahu, Pohakea",21.42908,-158.090592,WGS84,854,,kuuleialohamia,
1350915,540839,Amastridae,Amastra micans,,,Oahu,"Oahu, S Waianae Range, near Mount Ekahanui summit",21.432454,-158.087835,WGS84,822,,kuuleialohamia,
44226,133688,Amastridae,Amastra micans,,,Oahu,Waianae Mountains; Ekahanui Valley 5 = Kanehoa center branch near head south slope,21.445955,-158.095365,WGS84,1050,,kuuleialohamia,
72494,210468,Amastridae,Amastra micans,9/28/1947,,Oahu,Waianae Mountains; East Ekahanui Gulch; Loc. 21,21.446275,-158.093477,WGS84,902,,kuuleialohamia,
44161,133623,Amastridae,Amastra frostii,5/14/1933,,Oahu,"Waianae Mountains; Huliwai Gulch; South slope opposite upper forks, North slope of side riged",21.44824,-158.079048,WGS84,2717,,kuuleialohamia,
1379783,146157,Amastridae,Amastra micans,,,,Oahu,21.449192,-157.95309,WGS84,36212,,kuuleialohamia,
63894,190807,Amastridae,Amastra micans,12/7/1941,,Oahu,Waianae Mountains; Mt. Kanehoa. SEE MAP,21.453741,-158.09554,WGS84,150,,sunray1 (2023-05-11 19:59:04),
148176,37090,Amastridae,Amastra micans frostii,9/17/1914,,Oahu,Waianae Mts.; Kanehoa; 2nd valley E of peak,21.453986,-158.089581,WGS84,1050,,kuuleialohamia,
60994,184180,Amastridae,Amastra micans,,,Oahu,Waianae Mountains; Kanehoa; West branch; Loc. 5,21.456548,-158.088661,WGS84,1733,,kuuleialohamia,
1336823,158557,Amastridae,Amastra frosti,,,Oahu,"Puu Kanehoa, Waianae Mountains",21.4586,-158.087874,WGS84,1536,,kuuleialohamia,
1379605,146155,Amastridae,Amastra micans,,,,Waianae Range,21.46031,-158.126313,WGS84,8150,,kuuleialohamia,
1379820,214696,Amastridae,Amastra micans,,,,Waianae Range,21.46031,-158.126313,WGS84,8150,,kuuleialohamia,
1380047,146156,Amastridae,Amastra micans,,,,Waianae Range,21.46031,-158.126313,WGS84,8150,,kuuleialohamia,
1365338,75328,Amastridae,Amastra micans,,FMNH75328,Oahu,Oahu,21.46389,-157.95309,WGS84,36721,,sunray1,
1365637,87530,Amastridae,Amastra micans,,FMNH87530,Oahu,Oahu,21.46389,-157.95309,WGS84,36721,,sunray1,
1365810,87617,Amastridae,Amastra micans,,FMNH87617,Oahu,Oahu,21.46389,-157.95309,WGS84,36721,,sunray1,
1373052,87631,Amastridae,Amastra micans,,FMNH87631,Oahu,Oahu,21.46389,-157.95309,WGS84,36721,,sunray1,
1290658,345995,Amastridae,Paramastra frosti,1901-00-00,,Oahu,Oahu,21.46389,-157.95309,WGS84,36721,,sunray1,
4635,59045,Amastridae,Amastra erecta,1/1/1922,,Oahu,Oahu,21.46389,-157.95309,,,,,
146064,32522,Amastridae,Amastra frosti,,,Oahu,Oahu,21.46389,-157.95309,,,,,
140786,25468,Amastridae,Amastra frosti unicolor,,,Oahu,Oahu,21.46389,-157.95309,,,,,
17409,105406,Amastridae,Amastra micans,7/18/1931,,Oahu,Oahu,21.46389,-157.95309,,,,,
156746,55536,Amastridae,Amastra micans,,,Oahu,Oahu,21.46389,-157.95309,,,,,
133434,10303,Amastridae,Amastra micans frosti,,,Oahu,Oahu,21.46389,-157.95309,,,,,
1334100,95885,Amastridae,Amastra frosti,,,Oahu,"Waianae Mountains, Popouwela",21.465096,-158.092403,WGS84,2584,,AMcT_Malacology,
1281309,31166,Amastridae,Amastra micans,,,Oahu,Popou-wela (Popouwela),21.465229,-158.096138,WGS84,1318,,kuuleialohamia,
1290078,141574,Amastridae,Amastra micans,,,Oahu,Popou-wela (Popouwela),21.465229,-158.096138,WGS84,1318,,kuuleialohamia,
146961,33818,Amastridae,Amastra frosti,3/16/1913,,Oahu,Waianae Mts.; Popouwela; W ridge; 33737-33809,21.468114,-158.099769,WGS84,416,,kuuleialohamia,
146962,33819,Amastridae,Amastra frosti,3/16/1913,,Oahu,Waianae Mts.; Popouwela; W ridge; 33737-33809,21.468114,-158.099769,WGS84,416,,kuuleialohamia,
1334097,95882,Amastridae,Amastra frosti,,,Oahu,Popouwela,21.468379,-158.096053,WGS84,1908,,kuuleialohamia,
1293336,108236,Amastridae,Amastra micans,,,Oahu,"Popouwela, Waianae Mountains, Oahu",21.468538,-158.091246,WGS84,1916,,kuuleialohamia,
1289876,9447,Achatinellidae,Achatinella frosti,,,Oahu,[no specific locality],21.469089,-157.947474,WGS84,35878,This is a terrestrial locality. ARivera Apr 2020,kuuleialohamia,
1290010,135748,Amastridae,Amastra frosti,,,Oahu,[no specific locality],21.469089,-157.947474,WGS84,35878,This is a terrestrial locality. ARivera Apr 2020,kuuleialohamia,
1289550,140343,Amastridae,Amastra micans,,,Oahu,[no specific locality],21.469089,-157.947474,WGS84,35878,This is a terrestrial locality. ARivera Apr 2020,kuuleialohamia,
164505,73273,Amastridae,Amastra frostii,,,Oahu,"Waianae Mts.; Kolekole Pass, near",21.47437,-158.113712,WGS84,383,,andyjhuang,
164506,73274,Amastridae,Amastra frostii unicolor,,,Oahu,"Waianae Mts.; Kolekole Pass, near",21.47437,-158.113712,WGS84,383,,andyjhuang,
164524,73292,Amastridae,Amastra frostii unicolor,,,Oahu,"Waianae Mts.; Kolekole Pass, near",21.47437,-158.113712,WGS84,383,,andyjhuang,
164525,73293,Amastridae,Amastra frostii unicolor,,,Oahu,"Waianae Mts.; Kolekole Pass, near",21.47437,-158.113712,WGS84,383,,andyjhuang,
164526,73294,Amastridae,Amastra frostii unicolor,,,Oahu,"Waianae Mts.; Kolekole Pass, near",21.47437,-158.113712,WGS84,383,,andyjhuang,
164527,73295,Amastridae,Amastra frostii unicolor,,,Oahu,"Waianae Mts.; Kolekole Pass, near",21.47437,-158.113712,WGS84,383,,andyjhuang,
164528,73296,Amastridae,Amastra frostii unicolor,,,Oahu,"Waianae Mts.; Kolekole Pass, near",21.47437,-158.113712,WGS84,383,,andyjhuang,
164529,73297,Amastridae,Amastra frostii unicolor,,,Oahu,"Waianae Mts.; Kolekole Pass, near",21.47437,-158.113712,WGS84,383,,andyjhuang,
164530,73298,Amastridae,Amastra frostii unicolor,,,Oahu,"Waianae Mts.; Kolekole Pass, near",21.47437,-158.113712,WGS84,383,,andyjhuang,
164531,73299,Amastridae,Amastra frostii unicolor,,,Oahu,"Waianae Mts.; Kolekole Pass, near",21.47437,-158.113712,WGS84,383,,andyjhuang,
164532,73300,Amastridae,Amastra frostii unicolor,,,Oahu,"Waianae Mts.; Kolekole Pass, near",21.47437,-158.113712,WGS84,383,,andyjhuang,
51166,168746,Amastridae,Amastra micans frosti,,,Oahu,Waianae Mountain; near Kolekole Pass; = loc. #73273-4,21.47437,-158.113712,WGS84,383,,andyjhuang,
1342252,276765,Amastridae,Amastra micans,,,Oahu,"Oahu Island, Waianae",21.474755,-158.160131,WGS84,4025,,kuuleialohamia,
1365970,202527,Amastridae,Amastra micans,,FMNH202527,Oahu,"Popouwela, Oahu",21.474974,-158.105493,WGS84,4094,,kuuleialohamia,
147467,35306,Amastridae,Amastra micans,9/14/1913,,Oahu,"Waianae; Popouwela, W ridge",21.475133,-158.109098,WGS84,1689,,kuuleialohamia,
147468,35307,Amastridae,Amastra micans,9/14/1913,,Oahu,"Waianae; Popouwela, W ridge",21.475133,-158.109098,WGS84,1689,,kuuleialohamia,
147469,35308,Amastridae,Amastra micans,9/14/1913,,Oahu,"Waianae; Popouwela, W ridge",21.475133,-158.109098,WGS84,1689,,kuuleialohamia,
147470,35309,Amastridae,Amastra micans,9/14/1913,,Oahu,"Waianae; Popouwela, W ridge",21.475133,-158.109098,WGS84,1689,,kuuleialohamia,
147471,35310,Amastridae,Amastra micans,9/14/1913,,Oahu,"Waianae; Popouwela, W ridge",21.475133,-158.109098,WGS84,1689,,kuuleialohamia,
147472,35311,Amastridae,Amastra micans,9/14/1913,,Oahu,"Waianae; Popouwela, W ridge",21.475133,-158.109098,WGS84,1689,,kuuleialohamia,
147473,35312,Amastridae,Amastra micans,9/14/1913,,Oahu,"Waianae; Popouwela, W ridge",21.475133,-158.109098,WGS84,1689,,kuuleialohamia,
147474,35313,Amastridae,Amastra micans,9/14/1913,,Oahu,"Waianae; Popouwela, W ridge",21.475133,-158.109098,WGS84,1689,,kuuleialohamia,
139966,23394,Amastridae,Amastra frosti,11/5/1911,,Oahu,Waianae Mts.; Popouwela,21.475133,-158.111673,WGS84,2429,,kuuleialohamia,
148062,36808,Amastridae,Amastra frostii,3/1/1913,,Oahu,Waianae Mts.; Popouwela,21.475133,-158.111673,WGS84,2429,,kuuleialohamia,
147613,35452,Amastridae,Amastra micans,11/23/1913,,Oahu,Waianae Mts.; Popouwela,21.475133,-158.111673,WGS84,2429,,kuuleialohamia,
1291386,264711,Amastridae,Amastra micans,,,Oahu,"Popouwela, Waianue Mountains, Oahu",21.475133,-158.111673,WGS84,2429,,kuuleialohamia,
1280422,138588,Amastridae,Amastra micans,9/4/1920,,Oahu,"E. ridge nr. top of peak above Kolekole pass, Waianae Mts., Oahu, Hawaiian Ids.",21.475346,-158.11186,WGS84,975,,kuuleialohamia,
88642,253681,Amastridae,Amastra micans,4/6/1996,,Oahu,Schofield Barracks Forest Reserve; SE corner; near Kolekole Pass,21.475951,-158.10894,WGS84,709,,kuuleialohamia,
139777,22964,Amastridae,Amastra micans,8/26/1911,,Oahu,Waianae; Waianae Valley; Kololua; large valley W of house near ridge,21.476344,-158.164072,,,,,
139778,22965,Amastridae,Amastra micans,8/26/1911,,Oahu,Waianae; Waianae Valley; Kololua; large valley W of house near ridge,21.476344,-158.164072,,,,,
43435,132920,Amastridae,Amastra micans,6/23/1933,,Oahu,Waianae Mountains; Kalalua; East Branch,21.477868,-158.155403,WGS84,1657,,kuuleialohamia,
43436,132921,Amastridae,Amastra micans,6/23/1933,,Oahu,Waianae Mountains; Kalalua; East Branch,21.477868,-158.155403,WGS84,1657,,kuuleialohamia,
43437,132922,Amastridae,Amastra micans,6/23/1933,,Oahu,Waianae Mountains; Kalalua; East Branch,21.477868,-158.155403,WGS84,1657,,kuuleialohamia,
41935,131397,Amastridae,Amastra micans,5/1/1910,,Oahu,Waianae Mountains; Pukaloa,21.484783,-158.123417,WGS84,911,,andyjhuang,
134078,12145,Amastridae,Amastra micans,,,Oahu,Waianae Mts.; Pukaloa,21.484783,-158.123417,WGS84,911,,andyjhuang,
134123,12208,Amastridae,Amastra micans,,,Oahu,Waianae Mts.; Pukaloa,21.484783,-158.123417,WGS84,911,,andyjhuang,
148064,36810,Amastridae,Amastra micans frostii,3/1/1913,,Oahu,Waianae Mts.; Pukaloa,21.484783,-158.123417,WGS84,911,,andyjhuang,
41943,131405,Amastridae,Amastra micans,1/5/1911,,Oahu,Waianae Mountains; Popouwela,21.484783,-158.123417,WGS84,4614,,kuuleialohamia,
64599,191508,Amastridae,Amastra micans,5/7/1943,,Oahu,Waianae Mountains; Popouwela,21.484783,-158.123417,WGS84,4614,,kuuleialohamia,
52537,170075,Amastridae,Amastra micans frostii,1/1/1935,,Oahu,Waianae Mountains; (Popouwela),21.484783,-158.123417,WGS84,4614,,kuuleialohamia,
52538,170076,Amastridae,Amastra micans frostii,1/1/1935,,Oahu,Waianae Mountains; Popouwela,21.484783,-158.123417,WGS84,4614,,kuuleialohamia,
52541,170079,Amastridae,Amastra micans frostii,1/1/1935,,Oahu,Waianae Mountains; Popouwela],21.484783,-158.123417,WGS84,4614,,kuuleialohamia,
33601,123216,Amastridae,Amastra micans,12/27/1925,,Oahu,Waianae Mountains; Pukaloa; Loc. W340-5a,21.484783,-158.123417,WGS84,5092,,kuuleialohamia,
33602,123217,Amastridae,Amastra micans,12/27/1925,,Oahu,Waianae Mountains; Pukaloa; Loc. W340-5a,21.484783,-158.123417,WGS84,5092,,kuuleialohamia,
33603,123218,Amastridae,Amastra micans,12/27/1925,,Oahu,Waianae Mountains; Pukaloa; Loc. W340-5a,21.484783,-158.123417,WGS84,5092,,kuuleialohamia,
1294498,113030,Amastridae,Paramastra frosti,,,Oahu,"Waianae, Oahu",21.484851,-158.148328,WGS84,5299,,mschief,
1284076,240752,Amastridae,Amastra frosti,,,Oahu,"Pukaloa, Haleauau",21.484938,-158.128374,WGS84,588,,kuuleialohamia,
1285853,395615,Amastridae,Amastra micans,,,Oahu,Waianae,21.488337,-158.13781,WGS84,7106,"Boundry follows Waianae district boundary (around 1954) not the Ahupuaa boundary, outline determined from USGS data. ARivera Apr 2020",kuuleialohamia,
1293334,108234,Amastridae,Amastra micans,,,Oahu,"Pukaloa, Waianae Mountains, Oahu",21.488507,-158.115553,WGS84,2142,,kuuleialohamia,
15481,102781,Amastridae,Amastra micans,4/30/1925,,Oahu,Waianae Mountains; Kalena,21.48904,-158.13241,WGS84,2,,sunray1,
21445,110373,Amastridae,Amastra micans,,,Oahu,Waianae Mountains; Kalena,21.48904,-158.13241,WGS84,2,,sunray1,
21446,110374,Amastridae,Amastra micans,,,Oahu,Waianae Mountains; Kalena,21.48904,-158.13241,WGS84,2,,sunray1,
21447,110375,Amastridae,Amastra micans,,,Oahu,Waianae Mountains; Kalena,21.48904,-158.13241,WGS84,2,,sunray1,
64633,191542,Amastridae,Amastra micans,5/7/1943,,Oahu,Waianae Mountains; Kalena,21.48904,-158.13241,WGS84,2,,sunray1,
1287177,240840,Amastridae,Amastra frosti,,,Oahu,Kalena,21.489052,-158.132186,WGS84,710,,kuuleialohamia,
50807,168381,Amastridae,Amastra micans,8/14/1935,,Oahu,Waianae Mountains; near Mt. Kaala; East slope of Puukalena,21.489052,-158.132186,WGS84,1500,,kuuleialohamia,
50001,167363,Amastridae,Amastra micans,3/18/1934,,Oahu,Waianae Mountains; South Waieli; North branch; Loc. 5,21.490529,-158.099871,WGS84,2571,,kuuleialohamia,
156724,55453,Amastridae,Amastra frostii,,,Oahu,Waianae,21.491559,-158.059219,WGS84,16583,,sunray1,
156743,55533,Amastridae,Amastra frostii,,,Oahu,Waianae,21.491559,-158.059219,WGS84,16583,,sunray1,
33569,123184,Amastridae,Amastra micans,1/23/1927,,Oahu,"Waianae Mountains; Haleauau = ""main branch""",21.492317,-158.131064,WGS84,495,,kuuleialohamia,
47266,163184,Amastridae,Amastra micans,3/26/1937,,Oahu,Waianae Mts.; Haleauau; on trail to Kaala; along trail about 1/4 mile beyond firebreak trail; Loc. I. See map,21.492317,-158.131064,WGS84,495,,kuuleialohamia,
61008,184194,Amastridae,Amastra micans,1/1/1932,,Oahu,Waianae Mountains; Haleauau; = #108625-643,21.492317,-158.131064,WGS84,495,,kuuleialohamia,
708,25467,Amastridae,Amastra frosti,,,Oahu,Waianae Mts.; Leilehua,21.492597,-158.00904,WGS84,2060,,andyjhuang,
1294497,113029,Amastridae,Amastra micans,,,Oahu,"Back of Leilehua, Waianae range, Oahu",21.495142,-158.112423,WGS84,3700,,kuuleialohamia,
1334239,96038,Amastridae,Amastra micans,,,Oahu,Waianae Mountains,21.497321,-158.139393,WGS84,17802,,AMcT_Malacology,
1336829,158563,Amastridae,Amastra micans,,,Oahu,Waianae Mountains,21.497321,-158.139393,WGS84,17802,,AMcT_Malacology,
51330,168887,Amastridae,Amastra micans,1/1/1908,,Oahu,Waianae Mountains; Kaala Range; 3d gulch from gap; East side,21.497481,-158.134243,WGS84,2215,,kuuleialohamia,
1304348,378062,Amastridae,Amastra micans,4/21/1928,OSWA-0138A,Oahu,"Glen at head of Fire Trail about 150 feet from trail, Leilehua, near Kaala (Haleauau), Oahu",21.500782,-158.132695,WGS84,1218,,kuuleialohamia,
50251,167798,Amastridae,Amastra micans,1/1/1911,,Oahu,Waianae Mountains; [Haleauau],21.503072,-158.108431,WGS84,3467,,allisonjbaird,
51165,168745,Amastridae,Amastra micans,,,Oahu,Waianae Mountain; Haleauau; = loc. #73292-98,21.503072,-158.108431,WGS84,3467,,allisonjbaird,
52536,170074,Amastridae,Amastra micans,1/1/1935,,Oahu,Waianae Mountains; (Haleauau),21.503072,-158.108431,WGS84,3467,,allisonjbaird,
52540,170078,Amastridae,Amastra micans,1/1/1935,,Oahu,Waianae Mountains; [Haleauau],21.503072,-158.108431,WGS84,3467,,allisonjbaird,
1291370,264715,Amastridae,Amastra micans,,,Oahu,"Haleanau, Waianae Mountains, Oahu",21.503072,-158.108431,WGS84,3467,,allisonjbaird,
1293333,108233,Amastridae,Amastra micans,,,Oahu,"Haleauau, Waianae Mountains, Oahu",21.503072,-158.108431,WGS84,3467,,allisonjbaird,
1293335,108235,Amastridae,Amastra micans,,,Oahu,"Haliauau, Waianae Mountains, Oahu",21.503072,-158.108431,WGS84,3467,,allisonjbaird,
1283124,31167,Amastridae,Amastra micans,,,Oahu,"Oahu, Waianae Mts., Haleanau",21.504125,-158.138087,WGS84,818,,kuuleialohamia,
1289967,141540,Amastridae,Amastra micans,,,Oahu,Haleauau,21.504384,-158.136038,WGS84,800,Polygon shows Haleauau Gulch found from USGS topo maps. ARivera May 2020,kuuleialohamia,
1290012,135472,Amastridae,Amastra micans,,,Oahu,Haleauau,21.504384,-158.136038,WGS84,800,Polygon shows Haleauau Gulch found from USGS topo maps. ARivera May 2020,kuuleialohamia,
148069,36815,Amastridae,Amastra micans frostii,3/1/1913,,Oahu,Waianae Mts.; Haleanau,21.504639,-158.136578,WGS84,835,,kuuleialohamia,
1306353,380120,Amastridae,Amastra micans,5/8/1923,OSWA-9999,Oahu,"Kaala, Waianae Mountains, Oahu",21.506013,-158.145858,WGS84,973,,kuuleialohamia,
9845,93367,Amastridae,Amastra micans,1/23/1927,,Oahu,Haleauau,21.50945,-158.138969,WGS84,394,,andyjhuang,
156096,54180,Amastridae,Amastra micans tenuispira,5/8/1923,,Oahu,Waianae Mts.; Kaala; E ridge,21.509848,-158.133712,WGS84,1898,,kuuleialohamia,
46532,162457,Amastridae,Amastra micans,4/28/1935,,Oahu,Waianae Mountains; Southeast slope Mt. Kaala,21.511067,-158.157467,WGS84,1480,,kuuleialohamia,
9908,93430,Amastridae,Amastra micans,12/31/1926,,Oahu,Waianae Mountains; Haleauau,21.517722,-158.112878,WGS84,3242,,sunray1,
33538,123153,Amastridae,Amastra micans,,,Oahu,Waianae Mountains; Haleauau,21.517722,-158.112878,WGS84,3242,,sunray1,
19939,108839,Amastridae,Amastra micans,12/1/1931,,Oahu,"Waianae Mts.; Manuwai Gulch, Mokuleia Forest Reserve",21.521107,-158.12675,WGS84,2194,,kuuleialohamia,
19940,108840,Amastridae,Amastra micans,12/1/1931,,Oahu,"Waianae Mts.; Manuwai Gulch, Mokuleia Forest Reserve",21.521107,-158.12675,WGS84,2194,,kuuleialohamia,
1284083,240753,Amastridae,Amastra frosti,3/1/1939,,Oahu,Makaleha Kaumokuni,21.54687,-158.15,WGS84,2707,"Makaleha Kaumokuni is on Kauai, but record indicates it is from Oahu. Need more information to georeference. ARivera May 2020",kuuleialohamia,
